{
    "name": "Global Information",
    "numberOfRequests": {
        "total": 99098,
        "ok": 15703,
        "ko": 83395
    },
    "minResponseTime": {
        "total": 0,
        "ok": 21,
        "ko": 0
    },
    "maxResponseTime": {
        "total": 213952,
        "ok": 210841,
        "ko": 213952
    },
    "meanResponseTime": {
        "total": 64633,
        "ok": 15317,
        "ko": 73920
    },
    "standardDeviation": {
        "total": 42795,
        "ok": 23976,
        "ko": 39036
    },
    "percentiles1": {
        "total": 62083,
        "ok": 4861,
        "ko": 71455
    },
    "percentiles2": {
        "total": 93379,
        "ok": 22776,
        "ko": 96788
    },
    "percentiles3": {
        "total": 140324,
        "ok": 58349,
        "ko": 146819
    },
    "percentiles4": {
        "total": 180615,
        "ok": 110592,
        "ko": 182159
    },
    "group1": {
        "name": "t < 800 ms",
        "count": 6040,
        "percentage": 6
    },
    "group2": {
        "name": "800 ms < t < 1200 ms",
        "count": 369,
        "percentage": 0
    },
    "group3": {
        "name": "t > 1200 ms",
        "count": 9294,
        "percentage": 9
    },
    "group4": {
        "name": "failed",
        "count": 83395,
        "percentage": 84
    },
    "meanNumberOfRequestsPerSecond": {
        "total": 122.34320987654321,
        "ok": 19.386419753086418,
        "ko": 102.95679012345678
    }
}