{
    "name": "Global Information",
    "numberOfRequests": {
        "total": 128971,
        "ok": 121599,
        "ko": 7372
    },
    "minResponseTime": {
        "total": 17,
        "ok": 17,
        "ko": 772
    },
    "maxResponseTime": {
        "total": 606404,
        "ok": 208420,
        "ko": 606404
    },
    "meanResponseTime": {
        "total": 11183,
        "ok": 5582,
        "ko": 103573
    },
    "standardDeviation": {
        "total": 25395,
        "ok": 9756,
        "ko": 25683
    },
    "percentiles1": {
        "total": 1657,
        "ok": 1400,
        "ko": 103751
    },
    "percentiles2": {
        "total": 7856,
        "ok": 6013,
        "ko": 106729
    },
    "percentiles3": {
        "total": 100002,
        "ok": 25888,
        "ko": 117006
    },
    "percentiles4": {
        "total": 110150,
        "ok": 45277,
        "ko": 125183
    },
    "group1": {
        "name": "t < 800 ms",
        "count": 46083,
        "percentage": 36
    },
    "group2": {
        "name": "800 ms < t < 1200 ms",
        "count": 10557,
        "percentage": 8
    },
    "group3": {
        "name": "t > 1200 ms",
        "count": 64959,
        "percentage": 50
    },
    "group4": {
        "name": "failed",
        "count": 7372,
        "percentage": 6
    },
    "meanNumberOfRequestsPerSecond": {
        "total": 80.20584577114428,
        "ok": 75.62126865671642,
        "ko": 4.58457711442786
    }
}