{
    "name": "Global Information",
    "numberOfRequests": {
        "total": 31421,
        "ok": 20419,
        "ko": 11002
    },
    "minResponseTime": {
        "total": 0,
        "ok": 19,
        "ko": 0
    },
    "maxResponseTime": {
        "total": 644076,
        "ok": 380546,
        "ko": 644076
    },
    "meanResponseTime": {
        "total": 58356,
        "ok": 36887,
        "ko": 98202
    },
    "standardDeviation": {
        "total": 68305,
        "ok": 42333,
        "ko": 86923
    },
    "percentiles1": {
        "total": 49938,
        "ok": 19662,
        "ko": 85842
    },
    "percentiles2": {
        "total": 86485,
        "ok": 59244,
        "ko": 107799
    },
    "percentiles3": {
        "total": 137410,
        "ok": 121615,
        "ko": 163972
    },
    "percentiles4": {
        "total": 231633,
        "ok": 176306,
        "ko": 600001
    },
    "group1": {
        "name": "t < 800 ms",
        "count": 3319,
        "percentage": 11
    },
    "group2": {
        "name": "800 ms < t < 1200 ms",
        "count": 419,
        "percentage": 1
    },
    "group3": {
        "name": "t > 1200 ms",
        "count": 16681,
        "percentage": 53
    },
    "group4": {
        "name": "failed",
        "count": 11002,
        "percentage": 35
    },
    "meanNumberOfRequestsPerSecond": {
        "total": 23.785768357305074,
        "ok": 15.457229371688115,
        "ko": 8.328538985616957
    }
}