{
    "name": "Global Information",
    "numberOfRequests": {
        "total": 23614,
        "ok": 20659,
        "ko": 2955
    },
    "minResponseTime": {
        "total": 21,
        "ok": 21,
        "ko": 141
    },
    "maxResponseTime": {
        "total": 614735,
        "ok": 327236,
        "ko": 614735
    },
    "meanResponseTime": {
        "total": 29058,
        "ok": 20305,
        "ko": 90245
    },
    "standardDeviation": {
        "total": 50896,
        "ok": 38068,
        "ko": 79303
    },
    "percentiles1": {
        "total": 5117,
        "ok": 3258,
        "ko": 88311
    },
    "percentiles2": {
        "total": 32792,
        "ok": 16877,
        "ko": 146966
    },
    "percentiles3": {
        "total": 142145,
        "ok": 107268,
        "ko": 187600
    },
    "percentiles4": {
        "total": 187633,
        "ok": 179038,
        "ko": 235119
    },
    "group1": {
        "name": "t < 800 ms",
        "count": 7284,
        "percentage": 31
    },
    "group2": {
        "name": "800 ms < t < 1200 ms",
        "count": 936,
        "percentage": 4
    },
    "group3": {
        "name": "t > 1200 ms",
        "count": 12439,
        "percentage": 53
    },
    "group4": {
        "name": "failed",
        "count": 2955,
        "percentage": 13
    },
    "meanNumberOfRequestsPerSecond": {
        "total": 24.72670157068063,
        "ok": 21.632460732984292,
        "ko": 3.094240837696335
    }
}