{
    "name": "Global Information",
    "numberOfRequests": {
        "total": 49758,
        "ok": 49657,
        "ko": 101
    },
    "minResponseTime": {
        "total": 17,
        "ok": 17,
        "ko": 128
    },
    "maxResponseTime": {
        "total": 600001,
        "ok": 128855,
        "ko": 600001
    },
    "meanResponseTime": {
        "total": 4806,
        "ok": 4676,
        "ko": 69078
    },
    "standardDeviation": {
        "total": 8475,
        "ok": 6198,
        "ko": 111157
    },
    "percentiles1": {
        "total": 2376,
        "ok": 2363,
        "ko": 60737
    },
    "percentiles2": {
        "total": 6526,
        "ok": 6483,
        "ko": 70054
    },
    "percentiles3": {
        "total": 16206,
        "ok": 15999,
        "ko": 80115
    },
    "percentiles4": {
        "total": 29227,
        "ok": 27968,
        "ko": 600001
    },
    "group1": {
        "name": "t < 800 ms",
        "count": 15181,
        "percentage": 31
    },
    "group2": {
        "name": "800 ms < t < 1200 ms",
        "count": 3603,
        "percentage": 7
    },
    "group3": {
        "name": "t > 1200 ms",
        "count": 30873,
        "percentage": 62
    },
    "group4": {
        "name": "failed",
        "count": 101,
        "percentage": 0
    },
    "meanNumberOfRequestsPerSecond": {
        "total": 44.706199460916444,
        "ok": 44.61545372866128,
        "ko": 0.09074573225516622
    }
}